{"cameraMode":{"drawMode":0,"name":"Shaded","section":"Shading Mode"},"sceneLighting":true,"audioPlay":false,"sceneViewState":{"showFog":true,"showMaterialUpdate":false,"showSkybox":true,"showFlares":true,"showImageEffects":true,"showParticleSystems":true},"in2DMode":false,"pivot":{"x":2.566721200942993,"y":4.9438629150390629,"z":4.541126728057861},"rotation":{"x":-0.12607116997241975,"y":0.8719065189361572,"z":-0.36484935879707339,"w":-0.3012816309928894},"size":22.0,"orthographic":false}